Task ID,Type,Status,Timestamp
task_0,unknown,success,2026-01-02T23:32:14.250463
task_1,unknown,success,2026-01-02T23:32:14.250475
task_2,unknown,success,2026-01-02T23:32:14.250479
task_3,unknown,success,2026-01-02T23:32:14.250482
task_4,unknown,success,2026-01-02T23:32:14.250485
task_5,unknown,success,2026-01-02T23:32:14.250487
task_6,unknown,success,2026-01-02T23:32:14.250495
task_7,browser_automation,success,2026-01-02T23:32:14.250498
task_8,unknown,success,2026-01-02T23:32:14.250502
task_9,unknown,success,2026-01-02T23:32:14.250505
task_10,unknown,success,2026-01-02T23:32:14.250508
task_11,browser_automation,success,2026-01-02T23:32:14.250511
task_12,unknown,success,2026-01-02T23:32:14.250513
task_13,unknown,success,2026-01-02T23:32:14.250516
